manual\Econs\2022\2022 H2 Economics EOY P1 QP.docx.pdf,MI,2022,1,QP
manual\Econs\2022\2022 H2 Economics EOY P1 Suggested Ans.doc.pdf,MI,2022,1,A
manual\Econs\2022\2022 H2 Economics EOY P2 QP.docx.pdf,MI,2022,2,QP
manual\Econs\2022\2022 H2 Economics EOY P2 Suggested Ans.docx.pdf,MI,2022,2,A
manual\Econs\2022\2022 JC2 H2 Prelim CSQ1 (Suggested Answers).docx.pdf,YIJC,2022,,CSQ1_QP_A
manual\Econs\2022\2022 JC2 H2 Prelim CSQ2 (Suggested Answers).docx.pdf,YIJC,2022,,CSQ2_QP_A
manual\Econs\2022\2022 JC2 H2 Prelim Essay Q1 (Suggested Answers).docx.pdf,YIJC,2022,,EQ1_QP_A
manual\Econs\2022\2022 JC2 H2 Prelim Essay Q2 (Suggested Answers).docx.pdf,YIJC,2022,,EQ2_QP_A
manual\Econs\2022\2022 JC2 H2 Prelim Essay Q3 (Suggested Answers).docx.pdf,YIJC,2022,,EQ3_QP_A
manual\Econs\2022\2022 JC2 H2 Prelim Essay Q4 (Suggested Answers).docx.pdf,YIJC,2022,,EQ4_QP_A
manual\Econs\2022\2022 JC2 H2 Prelim Essay Q5 (Suggested Answers).docx.pdf,YIJC,2022,,EQ5_QP_A
manual\Econs\2022\2022 JC2 H2 Prelim Essay Q6 (Suggested Answers).docx.pdf,YIJC,2022,,EQ6_QP_A
manual\Econs\2022\2022 SH2 H2 Econs Prelims P1 QP.docx.pdf,NJC,2022,1,QP
manual\Econs\2022\2022 SH2 H2 Econs Prelims P2 QP.docx.pdf,NJC,2022,2,QP
manual\Econs\2022\2022 SH2 H2 Prelim CSQ1 (Suggested answer).docx.pdf,NJC,2022,,CSQ1_A
manual\Econs\2022\2022 SH2 H2 Prelim CSQ2 (Suggested answer).docx.pdf,NJC,2022,,CSQ2_A
manual\Econs\2022\2022 SH2 H2 Prelim EQ1 (Suggested answer).docx.pdf,NJC,2022,,EQ1_A
manual\Econs\2022\2022 SH2 H2 Prelim EQ2 (Suggested answer).docx.pdf,NJC,2022,,EQ2_A
manual\Econs\2022\2022 SH2 H2 Prelim EQ3 (Suggested answer).docx.pdf,NJC,2022,,EQ3_A
manual\Econs\2022\2022 SH2 H2 Prelim EQ4 (Suggested answer).docx.pdf,NJC,2022,,EQ4_A
manual\Econs\2022\2022 TJC H2 Prelim Paper 1 Question Paper.docx.pdf,TJC,2022,1,QP
manual\Econs\2022\2022 TJC H2 Prelim Paper 1 Suggested Answers.docx.pdf,TJC,2022,1,A
manual\Econs\2022\QP_2022 H2 Prelims Paper 2.pdf,ACJC,2022,2,QP
manual\Econs\2022\QP_2022_H2_Prelims_Paper_1.pdf,ACJC,2022,1,QP
manual\Econs\2023\2023 ACJC H2 Prelims P1 Q1_Q2 _Ans.pdf,ACJC,2023,1,Q1-2_A
manual\Econs\2023\2023 ACJC H2 Prelims P2 _ALL Ans.pdf,ACJC,2023,2,A
manual\Econs\2023\2023 ACJC H2 Prelims Paper 1 QP.pdf,ACJC,2023,1,QP
manual\Econs\2023\2023 ACJC H2 Prelims Paper 2 QP.pdf,ACJC,2023,2,QP
manual\Econs\2023\2023 ASRJC H2 Econs Prelim Paper 1 QP.pdf,ASRJC,2023,1,QP
manual\Econs\2023\2023 ASRJC H2 Econs Prelim Paper 1 Suggested Answers.pdf,ASRJC,2023,1,A
manual\Econs\2023\2023 ASRJC H2 Econs Prelim Paper 2 QP.pdf,ASRJC,2023,2,QP
manual\Econs\2023\2023 ASRJC H2 Econs Prelim Paper 2 Suggested Answers.pdf,ASRJC,2023,2,A
manual\Econs\2023\2023 HCI Prelim P1 Answers.pdf,HCI,2023,1,A
manual\Econs\2023\2023 HCI Prelim Paper 1_QP_Final.pdf,HCI,2023,1,QP
manual\Econs\2023\2023 HCI Prelim Paper 2 Answers.pdf,HCI,2023,2,A
manual\Econs\2023\2023 HCI Prelim Paper 2_QP_Final.pdf,HCI,2023,2,QP
manual\Econs\2023\2023 JPJC J2 H2 EC Prelim P1 QP [Final].pdf,JPJC,2023,1,QP
manual\Econs\2023\2023 JPJC J2 H2 EC Prelim P1 Suggested Answers.pdf,JPJC,2023,1,A
manual\Econs\2023\2023 JPJC J2 H2 EC Prelim P2 QP [Final].pdf,JPJC,2023,2,QP
manual\Econs\2023\2023 JPJC J2 H2 EC Prelim P2 Suggested Answers.pdf,JPJC,2023,2,A
manual\Econs\2023\2023 RI H2Econs Prelims Answers.pdf,RI,2023,,A
manual\Econs\2023\2023 RI H2Econs Prelims P1 Questions.pdf,RI,2023,1,QP
manual\Econs\2023\2023 RI H2Econs Prelims P2 Questions.pdf,RI,2023,2,QP
manual\Econs\2023\2023 VJC H2 Economics Preliminary Examination answers.pdf,VJC,2023,,A
manual\Econs\2023\2023 VJC H2 Economics_Prelim Exam_Paper 1_for print.pdf,VJC,2023,1,QP
manual\Econs\2023\2023 VJC H2 Economics_Prelim Exam_Paper 2_for print.pdf,VJC,2023,2,QP
manual\Econs\2023\CJC H2 Prelim Paper 1 QP + SAMS_For sharing.pdf,CJC,2023,1,QP_A
manual\Econs\2023\CJC H2 Prelim Paper 2 QP + SAMS_For sharing.pdf,CJC,2023,2,QP_A
manual\Econs\2023\DHS 2023 H2EC Prelims Paper 1 Answers (for sharing).pdf,DHS,2023,1,A
manual\Econs\2023\DHS 2023 H2EC Prelims Paper 1 QP (Final).pdf,DHS,2023,1,QP
manual\Econs\2023\DHS 2023 H2EC Prelims Paper 2 Answers (for sharing).pdf,DHS,2023,2,A
manual\Econs\2023\DHS 2023 H2EC Prelims Paper 2 QP (Final).pdf,DHS,2023,2,QP
manual\Econs\2023\EJC 2023 JC2 H2 Econs Prelim P1 Suggested answers_for sharing.pdf,EJC,2023,1,A
manual\Econs\2023\EJC 2023 JC2 H2 Econs Prelim P2 Suggested Answers_for sharing.pdf,EJC,2023,2,A
manual\Econs\2023\EJC 2023 JC2 H2 Prelim Paper 1 QP_for sharing.pdf,EJC,2023,1,QP
manual\Econs\2023\EJC 2023 JC2 H2 Prelim Paper 2 QP_for sharing.pdf,EJC,2023,2,QP
manual\Econs\2023\MI 2023 PU3 H2 Econs EOY P1 Question Paper.pdf,MI,2023,1,QP
manual\Econs\2023\MI 2023 PU3 H2 Econs EOY P1 Suggested Ans.pdf,MI,2023,1,A
manual\Econs\2023\MI 2023 PU3 H2 Econs EOY P2 Question Paper.pdf,MI,2023,2,QP
manual\Econs\2023\MI 2023 PU3 H2 Econs EOY P2 Suggested Ans.pdf,MI,2023,2,A
manual\Econs\2023\NJC H2 Economics Prelim P1 Ans.pdf,NJC,2023,1,A
manual\Econs\2023\NJC H2 Economics Prelim P1 QP.pdf,NJC,2023,1,QP
manual\Econs\2023\NJC H2 Economics Prelim P2 Ans.pdf,NJC,2023,2,A
manual\Econs\2023\NJC H2 Economics Prelim P2 QP.pdf,NJC,2023,2,QP
manual\Econs\2023\NYJC 2023 H2 Economics 9570 P1 Answer.pdf,NYJC,2023,1,A
manual\Econs\2023\NYJC 2023 H2 Economics 9570 P1.pdf,NYJC,2023,1,QP
manual\Econs\2023\NYJC 2023 H2 Economics 9570 P2 Answers.pdf,NYJC,2023,2,A
manual\Econs\2023\NYJC 2023 H2 Economics 9570 P2.pdf,NYJC,2023,2,QP
manual\Econs\2023\RVHS 2023 J2H2 Prelim P1 Final QP.pdf,RVHS,2023,1,QP
manual\Econs\2023\RVHS 2023 J2H2 Prelim P1_CSQ SAMS.pdf,RVHS,2023,1,A
manual\Econs\2023\RVHS 2023 J2H2 Prelim P2 Final QP.pdf,RVHS,2023,2,QP
manual\Econs\2023\RVHS 2023 J2H2 Prelim P2_EQ SAMS.pdf,RVHS,2023,2,A
manual\Econs\2023\SAJC 2023_JC2 H2_Econs_Prelims_P1 QP_MS-XC.pdf,SAJC,2023,1,QP_A
manual\Econs\2023\SAJC 2023_JC2 H2_Econs_Prelims_P2 QP_MS-XC.pdf,SAJC,2023,2,QP_A
manual\Econs\2023\TJC 2023_H2 Economics compiled answers_Papers 1 and 2.pdf,TJC,2023,,A
manual\Econs\2023\TJC 2023_JC2_H2_Prelim_Question Paper_Paper 1.pdf,TJC,2023,1,QP
manual\Econs\2023\TJC 2023_JC2_H2_Prelim_Question Paper_Paper 2.pdf,TJC,2023,2,QP
manual\Econs\2023\TMJC_2023_H2 Economics_P1_QP.pdf,TMJC,2023,1,QP
manual\Econs\2023\TMJC_2023_H2 EC_P1_Ans.pdf,TMJC,2023,1,A
manual\Econs\2023\TMJC_2023_H2 EC_P2_Ans.pdf,TMJC,2023,2,A
manual\Econs\2023\TMJC_2023_H2 Economics_P2_QP.pdf,TMJC,2023,2,QP
manual\Econs\2023\YIJC 2023 JC2 H2 Prelim 9570 P1 QP_ (Final).pdf,YIJC,2023,1,QP
manual\Econs\2023\YIJC 2023 JC2 H2 Prelim 9570 P2 QP_(Final).pdf,YIJC,2023,2,QP
manual\Econs\2024\2024 DHS Economics Preliminary Examination 9570.pdf,DHS,2024,,QP
manual\Econs\2024\2024 TMJC H2 Econs Prelims P1 QP.pdf,TMJC,2024,1,QP
manual\Econs\2024\2024 TMJC H2 Econs Prelims P2 QP.pdf,TMJC,2024,2,QP
manual\Econs\2024\ACJC H2 Prelim 2024 P1 CSQ1 Solutions.pdf,ACJC,2024,,CSQ1_A
manual\Econs\2024\ACJC H2 Prelim 2024 P1 CSQ2 Solutions.pdf,ACJC,2024,,CSQ2_A
manual\Econs\2024\ACJC H2 Prelim 2024 P1 QP.pdf,ACJC,2024,1,QP
manual\Econs\2024\ACJC H2 Prelim 2024 P2 EQ1 Solutions.pdf,ACJC,2024,,EQ1_A
manual\Econs\2024\ACJC H2 Prelim 2024 P2 EQ2 Solutions.pdf,ACJC,2024,,EQ2_A
manual\Econs\2024\ACJC H2 Prelim 2024 P2 EQ3 Solutions.pdf,ACJC,2024,,EQ3_A
manual\Econs\2024\ACJC H2 Prelim 2024 P2 EQ4 Solutions.pdf,ACJC,2024,,EQ4_A
manual\Econs\2024\ACJC H2 Prelim 2024 P2 EQ5 Solutions.pdf,ACJC,2024,,EQ5_A
manual\Econs\2024\ACJC H2 Prelim 2024 P2 EQ6 Solutions.pdf,ACJC,2024,,EQ6_A
manual\Econs\2024\ACJC H2 Prelim 2024 P2 QP.pdf,ACJC,2024,2,QP
manual\Econs\2024\ASRJC H2 Prelim 2024 P1 QP Insert.pdf,ASRJC,2024,1,QP
manual\Econs\2024\ASRJC H2 Prelim 2024 P1.pdf,ASRJC,2024,1,A
manual\Econs\2024\ASRJC H2 Prelim 2024 P2.pdf,ASRJC,2024,2,A
manual\Econs\2024\CJC H2 Prelim 2024 P1 QP.pdf,CJC,2024,1,QP
manual\Econs\2024\CJC H2 Prelim 2024 P1 Solutions.pdf,CJC,2024,1,A
manual\Econs\2024\CJC H2 Prelim 2024 P2 QP.pdf,CJC,2024,2,QP
manual\Econs\2024\CJC H2 Prelim 2024 P2 Solutions.pdf,CJC,2024,2,A
manual\Econs\2024\EJC H2 Economics Examiners' Report 2024.pdf,EJC,2024,2,A
manual\Econs\2024\EJC H2 Economics Prelim Exam Paper 1 2024.pdf,EJC,2024,1,QP
manual\Econs\2024\EJC H2 Economics Prelim Exam Paper 2 2024.pdf,EJC,2024,2,QP
manual\Econs\2024\H2 NYJC 2024 Prelims QP CSQ.pdf,NYJC,2024,1,QP_A
manual\Econs\2024\H2 NYJC 2024 Prelims QP EQ.pdf,NYJC,2024,2,QP_A
manual\Econs\2024\H2 VJC 2024 Prelims QP ANS CSQ.pdf,VJC,2024,1,QP_A
manual\Econs\2024\H2 VJC 2024 Prelims QP ANS EQ.pdf,VJC,2024,2,QP_A
manual\Econs\2024\HCI H2 Prelim 2024 P1 QP.pdf,HCI,2024,1,QP
manual\Econs\2024\HCI H2 Prelim 2024 P2 QP.pdf,HCI,2024,2,QP
manual\Econs\2024\HCI H2 Prelim 2024 Paper 1 Mark Scheme.pdf,HCI,2024,1,A
manual\Econs\2024\HCI H2 Prelim 2024 Paper 2 Mark Scheme.pdf,HCI,2024,2,A
manual\Econs\2024\JPJC H2 Prelim 2024 P1 QP.pdf,JPJC,2024,1,QP
manual\Econs\2024\JPJC H2 Prelim 2024 P1 Solutions.pdf,JPJC,2024,1,A
manual\Econs\2024\JPJC H2 Prelim 2024 P2 QP.pdf,JPJC,2024,2,QP
manual\Econs\2024\JPJC H2 Prelim 2024 P2 Solutions.pdf,JPJC,2024,2,A
manual\Econs\2024\NJC H2 Prelim 2024 P1 QP.pdf,NJC,2024,1,QP
manual\Econs\2024\NJC H2 Prelim 2024 P2 QP.pdf,NJC,2024,2,QP
manual\Econs\2024\NJC H2 Prelim 2024 Suggested Answers.pdf,NJC,2024,,A
manual\Econs\2024\RI H2 Prelim 2024 Examiner's Report.pdf,RI,2024,,A
manual\Econs\2024\RI H2 Prelim 2024 P1 QP.pdf,RI,2024,1,QP
manual\Econs\2024\RI H2 Prelim 2024 P2 QP.pdf,RI,2024,2,QP
manual\Econs\2024\RVHS H2 Prelim 2024  QP ANS EQ.pdf,RVHS,2024,2,QP_A
manual\Econs\2024\RVHS H2 Prelim 2024 QP Ans CSQ.pdf,RVHS,2024,1,QP_A
manual\Econs\2024\SAJC H2 Prelim 2024 P1 QP.pdf,SAJC,2024,1,QP
manual\Econs\2024\SAJC H2 Prelim 2024 P2 QP.pdf,SAJC,2024,2,QP
manual\Econs\2024\TJC H2 Prelim 2024 P1 QP.pdf,TJC,2024,1,QP
manual\Econs\2024\TJC H2 Prelim 2024 P1 Suggested Answers.pdf,TJC,2024,1,A
manual\Econs\2024\TJC H2 Prelim 2024 P2 QP.pdf,TJC,2024,2,QP
manual\Econs\2024\TJC H2 Prelim 2024 P2 Suggested Answers.pdf,TJC,2024,2,A
manual\Econs\2024\TMJC_2024_H2 Econs CSQ1_Answers.pdf,TMJC,2024,,CSQ1_A
manual\Econs\2024\TMJC_2024_H2 Econs CSQ2_Answers.pdf,TMJC,2024,,CSQ2_A
manual\Econs\2024\YIJC 2024 JC2 H2 Prelim 9570 P1 QP_Final.pdf,YIJC,2024,1,QP
manual\Econs\2024\YIJC 2024 JC2 H2 Prelim 9570 P2 QP_Final.pdf,YIJC,2024,2,QP
manual\Econs\2024\YIJC 2024 JC2 H2 Prelim CSQ1 Suggested Answers.pdf,YIJC,2024,,CSQ1_A
manual\Econs\2024\YIJC 2024 JC2 H2 Prelim CSQ2 Suggested Answers.pdf,YIJC,2024,,CSQ2_A
manual\Econs\2024\YIJC 2024 JC2 H2 Prelim Essay Q1 Suggested Answer.pdf,YIJC,2024,2,Q1_A
manual\Econs\2024\YIJC 2024 JC2 H2 Prelim Essay Q2 Suggested Answer.pdf,YIJC,2024,2,Q2_A
manual\Econs\2024\YIJC 2024 JC2 H2 Prelim Essay Q3 Suggested Answer.pdf,YIJC,2024,2,Q3_A
manual\Econs\2024\YIJC 2024 JC2 H2 Prelim Essay Q4 Suggested Answer.pdf,YIJC,2024,2,Q4_A
manual\Econs\2024\YIJC 2024 JC2 H2 Prelim Essay Q5 Suggested Answer.pdf,YIJC,2024,2,Q5_A
manual\Econs\2024\YIJC 2024 JC2 H2 Prelim Essay Q6 Suggested Answer.pdf,YIJC,2024,2,Q6_A
manual\Econs\2025\ 2025 CJC Econs prelim P1.pdf,CJC,2025,1,QP
manual\Econs\2025\2025 ACJC H2 Prelims Paper 1 CSQ1_Suggested Answers_FINAL.pdf,ACJC,2025,,CSQ1_A
manual\Econs\2025\2025 ACJC H2 Prelims Paper 1 CSQ2_Suggested Answers_FINAL.pdf,ACJC,2025,,CSQ2_A
manual\Econs\2025\2025 ACJC H2 Prelims Paper 1_FINAL .pdf,ACJC,2025,1,QP
manual\Econs\2025\2025 ASRJC Paper 1 - Mark Scheme.pdf,ASRJC,2025,1,A
manual\Econs\2025\2025 ASRJC Paper 1.pdf,ASRJC,2025,1,QP
manual\Econs\2025\2025 ASRJC Paper 2 - Mark Scheme.pdf,ASRJC,2025,2,A
manual\Econs\2025\2025 ASRJC Paper 2.pdf,ASRJC,2025,2,QP
manual\Econs\2025\2025 CJC H2 Econs answer key (P1+P2).pdf,CJC,2025,,A
manual\Econs\2025\2025 DHS Paper 1 - Mark Scheme.pdf,DHS,2025,1,A
manual\Econs\2025\2025 DHS Paper 1.pdf,DHS,2025,1,QP
manual\Econs\2025\2025 DHS Paper 2 - Mark Scheme.pdf,DHS,2025,2,A
manual\Econs\2025\2025 DHS Paper 2.pdf,DHS,2025,2,QP
manual\Econs\2025\2025 EJC Paper 1 - Mark Scheme.pdf,EJC,2025,1,A
manual\Econs\2025\2025 EJC Paper 2 - Mark Scheme.pdf,EJC,2025,2,A
manual\Econs\2025\2025 EJC Paper 2.pdf,EJC,2025,2,QP
manual\Econs\2025\2025 NJC Mark Scheme H2 Econs.pdf,NJC,2025,,A
manual\Econs\2025\2025 NJC P2 Prelims H2 Econs.pdf,NJC,2025,,QP
manual\Econs\2025\2025 NYJC Paper 1 - Mark Scheme.pdf,NYJC,2025,1,A
manual\Econs\2025\2025 NYJC Paper 1.pdf,NYJC,2025,1,QP
manual\Econs\2025\2025 NYJC Paper 2 - Mark Scheme.pdf,NYJC,2025,2,A
manual\Econs\2025\2025 NYJC Paper 2.pdf,NYJC,2025,2,QP
manual\Econs\2025\2025 TJC P1 Prelim H2 Econs.pdf,TJC,2025,1,QP
manual\Econs\2025\2025 TJC P1 Prelim Mark Scheme H2 Econs.pdf,TJC,2025,1,A
manual\Econs\2025\2025 TJC P2 Prelim H2 Econs.pdf,TJC,2025,2,QP
manual\Econs\2025\2025 VJC Paper 1 - Mark Scheme.pdf,VJC,2025,1,A
manual\Econs\2025\2025 VJC Paper 1.pdf,VJC,2025,1,QP
manual\Econs\2025\2025 VJC Paper 2.pdf,VJC,2025,2,QP
manual\Econs\2025\NJC 2025 H2 EC Prelims Paper 1 (QP) .pdf,NJC,2025,1,QP
manual\Econs\2025\SAJC 2025 JC2 H2 Econs  Prelims P1 Suggested Answers.pdf,SAJC,2025,1,A
manual\Econs\2025\SAJC 2025 Prelims P2 Essay  Answer Key.pdf,SAJC,2025,2,A
