manual\Physics\2021\2021 H2 Phy Prelim Paper 1 Question Paper (forJCs).pdf,YIJC,1,QP
manual\Physics\2021\2021 H2 Phy Prelim Paper 1 Solution (forJCs).pdf,YIJC,1,A
manual\Physics\2021\2021 H2 Phy Prelim Paper 2 Question Paper (forJCs).pdf,YIJC,2,QP
manual\Physics\2021\2021 H2 Phy Prelim Paper 2 Solution (forJCs).pdf,YIJC,2,A
manual\Physics\2021\2021 H2 Phy Prelim Paper 3 Question Paper (forJCs).pdf,YIJC,3,QP
manual\Physics\2021\2021 H2 Phy Prelim Paper 3 Solution (forJCs).pdf,YIJC,3,A
manual\Physics\2021\2021 H2 Phy Prelim Paper 4 Question Paper (forJCs).pdf,YIJC,4,QP
manual\Physics\2021\2021 H2 Phy Prelim Paper 4 Question Paper with Answers (Mark Scheme) (forJCs).pdf,YIJC,4,A
manual\Physics\2021\2021 H2 Prelim Phy P4.pdf,DHS,4,QP
manual\Physics\2021\2021 H2 Prelim Phy P4_MS.pdf,DHS,4,A
manual\Physics\2021\2021 J2 H2 Physics Prelim P1 MS Sharing.pdf,ACJC,1,A
manual\Physics\2021\2021 J2 H2 Physics Prelim P1.pdf,ACJC,1,QP
manual\Physics\2021\2021 J2 H2 Physics Prelim P2 MS Sharing.pdf,ACJC,2,A
manual\Physics\2021\2021 J2 H2 Physics Prelim P2.pdf,ACJC,2,QP
manual\Physics\2021\2021 J2 H2 Physics Prelim P3 MS Sharing.pdf,ACJC,3,A
manual\Physics\2021\2021 J2 H2 Physics Prelim P3.pdf,ACJC,3,QP
manual\Physics\2021\2021 J2 H2 Physics Prelim P4 MS Sharing.pdf,ACJC,4,A
manual\Physics\2021\2021 J2 H2 Physics Prelim P4.pdf,ACJC,4,QP
manual\Physics\2021\2021 JPJC Prelim H2 Physics P2 Solutions.pdf,JPJC,2,A
manual\Physics\2021\2021 JPJC Prelim H2 Physics P2.pdf,JPJC,2,QP
manual\Physics\2021\2021 JPJC Prelim H2 Physics P3 Solutions.pdf,JPJC,3,A
manual\Physics\2021\2021 JPJC Prelim H2 Physics P3.pdf,JPJC,3,QP
manual\Physics\2021\2021 JPJC Prelim H2 Physics P4 Revised Mark Scheme (v2).pdf,JPJC,4,A
manual\Physics\2021\2021 JPJC Prelim H2 Physics P4.pdf,JPJC,4,QP
manual\Physics\2021\2021 Prelim H2Phy P1 Ans.pdf,DHS,1,A
manual\Physics\2021\2021 Prelim H2Phy P2 Ans.pdf,DHS,2,A
manual\Physics\2021\2021 Prelim H2Phy P3 Ans.pdf,DHS,3,A
manual\Physics\2021\2021 Prelim Phy P1.pdf,DHS,1,QP
manual\Physics\2021\2021 Prelim Phy P2.pdf,DHS,2,QP
manual\Physics\2021\2021 Prelim Phy P3.pdf,DHS,3,QP
manual\Physics\2021\NYJC 2021 H2 Physics 9749 P1 Answer.pdf,NYJC,1,A
manual\Physics\2021\NYJC 2021 H2 Physics 9749 P1.pdf,NYJC,1,QP
manual\Physics\2021\NYJC 2021 H2 Physics 9749 P2 Answer.pdf,NYJC,2,A
manual\Physics\2021\NYJC 2021 H2 Physics 9749 P2.pdf,NYJC,2,QP
manual\Physics\2021\NYJC 2021 H2 Physics 9749 P3 Answer.pdf,NYJC,3,A
manual\Physics\2021\NYJC 2021 H2 Physics 9749 P3.pdf,NYJC,3,QP
manual\Physics\2021\Prelim (H2) P1 2021_QP and Solutions.pdf,SAJC,1,B
manual\Physics\2021\Prelim (H2) P2 2021_QP and Solutions.pdf,SAJC,2,B
manual\Physics\2021\Prelim (H2) P3 2021_QP and Solutions.pdf,SAJC,3,B
manual\Physics\2022\ACJC 2022 Prelim P1 Guide.pdf,ACJC,1,A
manual\Physics\2022\ACJC 2022 Prelim P1.pdf,ACJC,1,QP
manual\Physics\2022\ACJC 2022 Prelim P2 Guide.pdf,ACJC,2,A
manual\Physics\2022\ACJC 2022 Prelim P2.pdf,ACJC,2,QP
manual\Physics\2022\ACJC 2022 Prelim P3 Guide.pdf,ACJC,3,A
manual\Physics\2022\ACJC 2022 Prelim P3.pdf,ACJC,3,QP
manual\Physics\2022\ASRJC 2022 Prelim P1 Guide.pdf,ASRJC,1,A
manual\Physics\2022\ASRJC 2022 Prelim P1.pdf,ASRJC,1,QP
manual\Physics\2022\ASRJC 2022 Prelim P2 Guide.pdf,ASRJC,2,A
manual\Physics\2022\ASRJC 2022 Prelim P2.pdf,ASRJC,2,QP
manual\Physics\2022\ASRJC 2022 Prelim P3 Guide.pdf,ASRJC,3,A
manual\Physics\2022\ASRJC 2022 Prelim P3.pdf,ASRJC,3,QP
manual\Physics\2022\DHS 2022 Prelim P1 Guide.pdf,DHS,1,A
manual\Physics\2022\DHS 2022 Prelim P1.pdf,DHS,1,QP
manual\Physics\2022\DHS 2022 Prelim P2 .pdf,DHS,2,QP
manual\Physics\2022\DHS 2022 Prelim P2 Guide.pdf,DHS,2,A
manual\Physics\2022\DHS 2022 Prelim P3 Guide.pdf,DHS,3,A
manual\Physics\2022\DHS 2022 Prelim P3.pdf,DHS,3,QP
manual\Physics\2022\EJC 2022 Prelim P1 Guide.pdf,EJC,1,A
manual\Physics\2022\EJC 2022 Prelim P1.pdf,EJC,1,QP
manual\Physics\2022\EJC 2022 Prelim P2 Guide.pdf,EJC,2,A
manual\Physics\2022\EJC 2022 Prelim P2.pdf,EJC,2,QP
manual\Physics\2022\EJC 2022 Prelim P3 Guide.pdf,EJC,3,A
manual\Physics\2022\EJC 2022 Prelim P3.pdf,EJC,3,QP
manual\Physics\2022\HCI 2022 Prelim P1 Guide.pdf .pdf,HCI,1,A
manual\Physics\2022\HCI 2022 Prelim P1.pdf,HCI,1,QP
manual\Physics\2022\HCI 2022 Prelim P2 Guide.pdf,HCI,2,A
manual\Physics\2022\HCI 2022 Prelim P2.pdf,HCI,2,QP
manual\Physics\2022\HCI 2022 Prelim P3 Guide.pdf,HCI,3,A
manual\Physics\2022\NJC 2022 Prelim P1 Guide.pdf,NJC,1,A
manual\Physics\2022\NJC 2022 Prelim P1.pdf,NJC,1,QP
manual\Physics\2021\Prelim (H2) P4 2021_QP and Solutions.pdf,SAJC,4,B
manual\Physics\2022\NJC 2022 Prelim P2 Guide.pdf,NJC,2,A
manual\Physics\2022\NJC 2022 Prelim P2.pdf,NJC,2,QP
manual\Physics\2022\NJC 2022 Prelim P3 Guide.pdf,NJC,3,A
manual\Physics\2022\NJC 2022 Prelim P3.pdf,NJC,3,QP
manual\Physics\2022\NYJC 2022 Prelim P1 Guide.pdf,NYJC,1,A
manual\Physics\2022\NYJC 2022 Prelim P1.pdf,NYJC,1,QP
manual\Physics\2022\NYJC 2022 Prelim P2 Guide.pdf,NYJC,2,A
manual\Physics\2022\NYJC 2022 Prelim P2.pdf,NYJC,2,QP
manual\Physics\2022\NYJC 2022 Prelim P3 Guide.pdf,NYJC,3,A
manual\Physics\2022\NYJC 2022 Prelim P3.pdf,NYJC,3,QP
manual\Physics\2022\RVHS 2022 Prelim P1 Guide.pdf,RVHS,1,A
manual\Physics\2022\RVHS 2022 Prelim P1.pdf,RVHS,1,QP
manual\Physics\2022\RVHS 2022 Prelim P2 Guide.pdf,RVHS,2,A
manual\Physics\2022\RVHS 2022 Prelim P2.pdf,RVHS,2,QP
manual\Physics\2022\RVHS 2022 Prelim P3 Guide.pdf,RVHS,3,A
manual\Physics\2022\RVHS 2022 Prelim P3.pdf,RVHS,3,QP
manual\Physics\2022\SAJC 2022 Physics Practical Prelim H2 P4_for sharing.pdf,SAJC,4,QP
manual\Physics\2022\SAJC 2022 Prelim P1 QP + Guide.pdf,SAJC,1,B
manual\Physics\2022\SAJC 2022 Prelim P2 QP + Guide.pdf,SAJC,2,B
manual\Physics\2022\SAJC 2022 Prelim P3 QP + Guide.pdf,SAJC,3,B
manual\Physics\2022\TJC 2022 Prelim P1 Guide.pdf,TJC,1,A
manual\Physics\2022\TJC 2022 Prelim P1.pdf,TJC,1,QP
manual\Physics\2022\TJC 2022 Prelim P2 Guide.pdf,TJC,2,A
manual\Physics\2022\TJC 2022 Prelim P2.pdf,TJC,2,QP
manual\Physics\2022\TJC 2022 Prelim P3 Guide.pdf,TJC,3,A
manual\Physics\2022\TJC 2022 Prelim P3.pdf,TJC,3,QP
manual\Physics\2022\VJC 2022 Prelim P1 Guide.pdf,VJC,1,QP
manual\Physics\2022\VJC 2022 Prelim P1.pdf,VJC,1,A
manual\Physics\2022\VJC 2022 Prelim P2.pdf,VJC,2,QP
manual\Physics\2022\VJC 2022 Prelim P3 Guide.pdf,VJC,3,A
manual\Physics\2023\2023 HCI H2 PH Prelim P1 QP.pdf,HCI,1,QP
manual\Physics\2023\2023 HCI H2 PH Prelim P1 SS.pdf,HCI,1,A
manual\Physics\2023\2023 HCI H2 PH Prelim P2 QP.pdf,HCI,2,QP
manual\Physics\2023\2023 HCI H2 PH Prelim P2 SS.pdf,HCI,2,A
manual\Physics\2023\2023 HCI H2 PH Prelim P3 SS.pdf,HCI,3,A
manual\Physics\2023\2023 HCI H2 PH Prelim P4 MS.pdf,HCI,4,A
manual\Physics\2023\2023 HCI H2 PH Prelim P4 QP.pdf,HCI,4,QP
manual\Physics\2023\2023 JPJC Prelim H2 Phy P1 Solutions.pdf,JPJC,1,A
manual\Physics\2023\2023 JPJC Prelim H2 Phy P1.pdf,JPJC,1,QP
manual\Physics\2023\2023 JPJC Prelim H2 Phy P3 Solutions.pdf,JPJC,3,A
manual\Physics\2023\2023 JPJC Prelim H2 Phy P3.pdf,JPJC,3,QP
manual\Physics\2023\2023 JPJC Prelim H2 Phy P4 Solutions.pdf,JPJC,4,A
manual\Physics\2023\2023 JPJC Prelim H2 Phy P4.pdf,JPJC,4,QP
manual\Physics\2023\2023 RI  H2 Physics Prelims P1 Answers.pdf,RI,1,A
manual\Physics\2023\2023 RI  H2 Physics Prelims P1 Questions.pdf,RI,1,QP
manual\Physics\2023\2023 RI H2 Physics Prelims  P2 Answers.pdf,RI,2,A
manual\Physics\2023\2023 RI H2 Physics Prelims P4 Questions.pdf,RI,4,QP
manual\Physics\2023\2023 RI H2 Physics Prelims P2 Questions.pdf,RI,2,QP
manual\Physics\2023\ACJC 2023 J2 H2 Physics Prelim P1.pdf,ACJC,1,QP
manual\Physics\2023\ACJC 2023 J2 H2 Physics Prelim P1_MS.pdf,ACJC,1,A
manual\Physics\2023\ACJC 2023 J2 H2 Physics Prelim P2 2.pdf,ACJC,2,QP
manual\Physics\2023\ACJC 2023 J2 H2 Physics Prelim P2_MS.pdf,ACJC,2,A
manual\Physics\2023\ACJC 2023 J2 H2 Physics Prelim P3.pdf,ACJC,3,QP
manual\Physics\2023\ACJC 2023 J2 H2 Physics Prelim P3_MS.pdf,ACJC,3,A
manual\Physics\2023\ASRJC Prelim H2P1 (9749) final.pdf,ASRJC,1,QP
manual\Physics\2023\ASRJC Prelim H2P1 MS final.pdf,ASRJC,1,A
manual\Physics\2023\ASRJC Prelim H2P2 (9749)_Final.pdf,ASRJC,2,QP
manual\Physics\2023\ASRJC Prelim H2P2 MS_Final (sharing).pdf,ASRJC,2,A
manual\Physics\2023\ASRJC Prelim H2P3 (9749)_Final.pdf,ASRJC,3,QP
manual\Physics\2023\ASRJC Prelim H2P3 MS_Final (sharing).pdf,ASRJC,3,A
manual\Physics\2023\CJC.H2.PRELIM.2023.P1.QP.pdf,CJC,1,QP
manual\Physics\2023\CJC.H2.PRELIM.2023.P1.Suggested_Solutions.pdf,CJC,1,A
manual\Physics\2023\CJC.H2.PRELIM.2023.P2.QP.pdf,CJC,2,QP
manual\Physics\2023\CJC.H2.PRELIM.2023.P2.Suggested_Solutions.pdf,CJC,2,A
manual\Physics\2023\CJC.H2.PRELIM.2023.P3.QP.pdf,CJC,3,QP
manual\Physics\2023\CJC.H2.PRELIM.2023.P3.Suggested_Solutions.pdf,CJC,3,A
manual\Physics\2023\CJC.H2.PRELIM.2023.P4.QP.pdf,CJC,4,QP
manual\Physics\2023\CJC.H2.PRELIM.2023.P4.Suggested_Solutions.pdf,CJC,4,A
manual\Physics\2023\DHS 2023 Prelim Physics (Paper 1 Solutions).pdf,DHS,1,A
manual\Physics\2023\DHS 2023 Prelim Physics (Paper 1).pdf,DHS,1,QP
manual\Physics\2023\DHS 2023 Prelim Physics (Paper 2 Solutions).pdf,DHS,2,A
manual\Physics\2023\DHS 2023 Prelim Physics (Paper 2).pdf,DHS,2,QP
manual\Physics\2023\DHS 2023 Prelim Physics (Paper 3 Solutions).pdf,DHS,3,A
manual\Physics\2023\DHS 2023 Prelim Physics (Paper 3).pdf,DHS,3,QP
manual\Physics\2023\DHS 2023 Prelim Physics (Paper 4 Solutions).pdf,DHS,4,A
manual\Physics\2023\DHS 2023 Prelim Physics (Paper 4).pdf,DHS,4,QP
manual\Physics\2023\EJC 2023 J2 H2 PRELIM P1 MS.pdf,EJC,1,A
manual\Physics\2023\EJC 2023 J2 H2 PRELIM P1.pdf,EJC,1,QP
manual\Physics\2023\EJC 2023 J2 H2 PRELIM P2 MS.pdf,EJC,2,A
manual\Physics\2023\EJC 2023 J2 H2 PRELIM P2.pdf,EJC,2,QP
manual\Physics\2023\EJC 2023 J2 H2 PRELIM P3 MS.pdf,EJC,3,A
manual\Physics\2023\EJC 2023 J2 H2 PRELIM P3.pdf,EJC,3,QP
manual\Physics\2023\EJC 2023 J2 H2 PRELIM P4 MS.pdf,EJC,4,A
manual\Physics\2023\EJC 2023 J2 H2 PRELIM P4.pdf,EJC,4,QP
manual\Physics\2023\NJC H2 Physics Prelim P1 Ans.pdf,NJC,1,A
manual\Physics\2023\NJC H2 Physics Prelim P1 QP.pdf,NJC,1,QP
manual\Physics\2023\NJC H2 Physics Prelim P2 Ans.pdf,NJC,2,A
manual\Physics\2023\NJC H2 Physics Prelim P2 QP.pdf,NJC,2,QP
manual\Physics\2023\NJC H2 Physics Prelim P3 Ans.pdf,NJC,3,A
manual\Physics\2023\NJC H2 Physics Prelim P3 QP.pdf,NJC,3,QP
manual\Physics\2023\NYJC 2023 H2 Physics 9749 P1 Answer.pdf,NYJC,1,A
manual\Physics\2023\NYJC 2023 H2 Physics 9749 P1.pdf,NYJC,1,QP
manual\Physics\2023\NYJC 2023 H2 Physics 9749 P2 Answer.pdf,NYJC,2,A
manual\Physics\2023\NYJC 2023 H2 Physics 9749 P2.pdf,NYJC,2,QP
manual\Physics\2023\NYJC 2023 H2 Physics 9749 P3 Answer.pdf,NYJC,3,A
manual\Physics\2023\NYJC 2023 H2 Physics 9749 P3.pdf,NYJC,3,QP
manual\Physics\2023\NYJC 2023 H2 Physics 9749 P4.pdf,NYJC,4,QP
manual\Physics\2023\RVHS H2 Physics P1 QP.pdf,RVHS,1,QP
manual\Physics\2023\RVHS H2 Physics P1 Soln.pdf,RVHS,1,A
manual\Physics\2023\RVHS H2 Physics P2 QP.pdf,RVHS,2,QP
manual\Physics\2023\RVHS H2 Physics P2 Soln.pdf,RVHS,2,A
manual\Physics\2023\RVHS H2 Physics P3 QP.pdf,RVHS,3,QP
manual\Physics\2023\RVHS H2 Physics P3 Soln.pdf,RVHS,3,A
manual\Physics\2023\RVHS H2 Physics P4 QP.pdf,RVHS,4,QP
manual\Physics\2023\RVHS H2 Physics P4 Soln.pdf,RVHS,4,A
manual\Physics\2023\SAJC Prelim (H2) P1 2023.pdf,SAJC,1,B
manual\Physics\2023\SAJC Prelim (H2) P2 2023.pdf,SAJC,2,B
manual\Physics\2023\SAJC Prelim (H2) P3 2023.pdf,SAJC,3,B
manual\Physics\2023\TJC 2023 H2 Prelim Paper 3.pdf,TJC,3,QP
manual\Physics\2023\TJC 2023 H2 Prelim Paper 4 Solutions.pdf,TJC,4,A
manual\Physics\2023\TJC 2023 H2 Prelim Paper 4.pdf,TJC,4,QP
manual\Physics\2023\TMJC_2023_H2 Physics_P1_MS.pdf,TMJC,1,A
manual\Physics\2023\TMJC_2023_H2 Physics_P1_QP.pdf,TMJC,1,QP
manual\Physics\2023\TMJC_2023_H2 Physics_P2_MS.pdf,TMJC,2,A
manual\Physics\2023\TMJC_2023_H2 Physics_P2_QP.pdf,TMJC,2,QP
manual\Physics\2023\TMJC_2023_H2 Physics_P3_MS.pdf,TMJC,3,A
manual\Physics\2023\TMJC_2023_H2 Physics_P3_QP.pdf,TMJC,3,QP
manual\Physics\2023\TMJC_2023_H2 Physics_P4_MS.pdf,TMJC,4,A
manual\Physics\2023\TMJC_2023_H2 Physics_P4_QP.pdf,TMJC,4,QP
manual\Physics\2023\YIJC 2023 H2Phy Prelim P1 Question Paper.pdf,YIJC,1,QP
manual\Physics\2023\YIJC 2023 H2Phy Prelim P1 Solution.pdf,YIJC,1,A
manual\Physics\2023\YIJC 2023 H2Phy Prelim P2 Question Paper.pdf,YIJC,2,QP
manual\Physics\2023\YIJC 2023 H2Phy Prelim P2 Solution.pdf,YIJC,2,A
manual\Physics\2023\YIJC 2023 H2Phy Prelim P3 Solution.pdf,YIJC,3,A
manual\Physics\2024\(ACJC) 2024 J2 H2 Physics Prelim P1 Solution.pdf,ACJC,1,A
manual\Physics\2024\(ACJC) 2024 J2 H2 Physics Prelim P1.pdf,ACJC,1,QP
manual\Physics\2024\(ACJC) 2024 J2 H2 Physics Prelim P2 Solution.pdf,ACJC,2,A
manual\Physics\2024\(ACJC) 2024 J2 H2 Physics Prelim P2.pdf,ACJC,2,QP
manual\Physics\2024\(ACJC) 2024 J2 H2 Physics Prelim P3 Solutions.pdf,ACJC,3,A
manual\Physics\2024\(ACJC) 2024 J2 H2 Physics Prelim P3.pdf,ACJC,3,QP
manual\Physics\2024\(DHS) 2024 Prelim Phy P1 Ans_final.pdf,DHS,1,A
manual\Physics\2024\(DHS) 2024 Prelim Phy P1_final.pdf,DHS,1,QP
manual\Physics\2024\(DHS) 2024 Prelim Phy P2 Ans_final.pdf,DHS,2,A
manual\Physics\2024\(DHS) 2024 Prelim Phy P2_final.pdf,DHS,2,QP
manual\Physics\2024\(DHS) 2024 Prelim Phy P3 Ans_final.pdf,DHS,3,A
manual\Physics\2024\(DHS) 2024 Prelim Phy P3_final.pdf,DHS,3,QP
manual\Physics\2024\(EJC) 2024 J2 H2 PRELIM QP P1.pdf,EJC,1,QP
manual\Physics\2024\(EJC) 2024 J2 H2 PRELIM QP P2.pdf,EJC,2,QP
manual\Physics\2024\(EJC) 2024 J2 H2 PRELIM QP P3.pdf,EJC,3,QP
manual\Physics\2024\(SAJC) 2024 H2 Phy Prelim P3   soln_for sharing.pdf,SAJC,3,A
manual\Physics\2024\(VJC) 2024 H2 Prelim P1.pdf,VJC,1,QP
manual\Physics\2024\(VJC) 2024 H2 Prelim P1_soln.pdf,VJC,1,A
manual\Physics\2024\(VJC) 2024 H2 Prelim P2.pdf,VJC,2,QP
manual\Physics\2024\(VJC) 2024 H2 Prelim P2_Soln.pdf,VJC,2,A
manual\Physics\2024\(VJC) 2024 H2 Prelim P3.pdf,VJC,3,QP
manual\Physics\2024\(VJC) 2024 H2 Prelim P3_Soln.pdf,VJC,3,A
manual\Physics\2024\2024 HCI H2 Physics Paper 1 Question Paper.pdf,HCI,1,QP
manual\Physics\2024\2024 HCI H2 Physics Paper 2 Question Paper.pdf,HCI,2,QP
manual\Physics\2024\2024 HCI H2 Physics Paper 2 Solutions.pdf,HCI,2,A
manual\Physics\2024\2024 HCI H2 Physics Paper 3 Question Paper.pdf,HCI,3,QP
manual\Physics\2024\2024 HCI H2 Physics Paper 3 Solutions.pdf,HCI,3,A
manual\Physics\2024\2024 JPJC H2 Prelim P1 - Printed.pdf,JPJC,1,QP
manual\Physics\2024\2024 JPJC H2 Prelim P1 Solutions - Printed.pdf,JPJC,1,A
manual\Physics\2024\2024 JPJC H2 Prelim P2_Printed.pdf,JPJC,2,QP
manual\Physics\2024\2024 JPJC H2 Prelim P2_solutions_Printed.pdf,JPJC,2,A
manual\Physics\2024\2024 JPJC Prelim H2 Physics P3 Solutions_Printed.pdf,JPJC,3,A
manual\Physics\2024\2024 JPJC Prelim H2 Physics P3_Printed.pdf,JPJC,3,QP
manual\Physics\2024\2024 NYJC H2 PHY 0749 P1 Answers.pdf,NYJC,1,A
manual\Physics\2024\2024 NYJC H2 PHY 0749 P2 Answers.pdf,NYJC,2,A
manual\Physics\2024\2024 NYJC H2 PHY 0749 P3 Answers.pdf,NYJC,3,A
manual\Physics\2024\2024 NYJC H2 PHY 9749 P1.pdf,NYJC,1,QP
manual\Physics\2024\2024 NYJC H2 PHY 9749 P2.pdf,NYJC,2,QP
manual\Physics\2024\2024 NYJC H2 PHY 9749 P3.pdf,NYJC,3,QP
manual\Physics\2024\2024 RI Prelim H2 Phy Paper 1 Answers.pdf,RI,1,A
manual\Physics\2024\2024 RI Prelim H2 Phy Paper 1.pdf,RI,1,QP
manual\Physics\2024\2024 RI Prelim H2 Phy Paper 2 Answers.pdf,RI,2,A
manual\Physics\2024\2024 RI Prelim H2 Phy Paper 2.pdf,RI,2,QP
manual\Physics\2024\2024 RI Prelim H2 Phy Paper 3 Answers.pdf,RI,3,A
manual\Physics\2024\2024 TJC H2 Prelim Paper 2 with solutions (QP + ANS).pdf,TJC,2,B
manual\Physics\2024\2024 TJC H2 Prelim Paper 3 with solutions (QP + ANS).pdf,TJC,3,B
manual\Physics\2024\ACJC 2024 J2 H2 Physics Prelim P4 Soln.pdf,ACJC,4,A
manual\Physics\2024\ACJC 2024 J2 H2 Physics Prelim P4.pdf,ACJC,4,QP
manual\Physics\2024\ASRJC 2024 JC2 H2 Physics Prelim P1 MS.pdf,ASRJC,1,A
manual\Physics\2024\ASRJC 2024 JC2 H2 Physics Prelim P1.pdf,ASRJC,1,QP
manual\Physics\2024\ASRJC 2024 JC2 H2 Physics Prelim P2 MS.pdf,ASRJC,2,A
manual\Physics\2024\ASRJC 2024 JC2 H2 Physics Prelim P2.pdf,ASRJC,2,QP
manual\Physics\2024\ASRJC 2024 JC2 H2 Physics Prelim P3 MS.pdf,ASRJC,3,A
manual\Physics\2024\ASRJC 2024 JC2 H2 Physics Prelim P3.pdf,ASRJC,3,QP
manual\Physics\2024\ASRJC 2024 JC2 H2 Physics Prelim P4 Soln.pdf,ASRJC,4,A
manual\Physics\2024\ASRJC 2024 JC2 H2 Physics Prelim P4.pdf,ASRJC,4,QP
manual\Physics\2024\CJC 2024.H2.Phy.PRELIM.P1 - QP.pdf,CJC,1,QP
manual\Physics\2024\CJC 2024.H2.Phy.PRELIM.P1 - Solns.pdf,CJC,1,A
manual\Physics\2024\CJC 2024.H2.Phy.PRELIM.P2 - QP.pdf,CJC,2,QP
manual\Physics\2024\CJC 2024.H2.Phy.PRELIM.P2 - Solns.pdf,CJC,2,A
manual\Physics\2024\CJC 2024.H2.Phy.PRELIM.P3 - QP.pdf,CJC,3,QP
manual\Physics\2024\CJC 2024.H2.Phy.PRELIM.P3 - Solns.pdf,CJC,3,A
manual\Physics\2024\CJC J2.H2.PRELIM.2024.P4 - QP.pdf,CJC,4,QP
manual\Physics\2024\CJC J2.H2.PRELIM.2024.P4 - Soln w ER.pdf,CJC,4,A
manual\Physics\2024\DHS 2024 Prelim Phy P4 Soln.pdf,DHS,4,A
manual\Physics\2024\DHS 2024 Prelim Phy P4.pdf,DHS,4,QP
manual\Physics\2024\EJC 2024 J2 H2 PRELIM Answers P4.pdf,EJC,4,A
manual\Physics\2024\EJC 2024 J2 H2 PRELIM QP P4.pdf,EJC,4,QP
manual\Physics\2024\HCI 2024 H2 Physics Paper 4 Question Paper.pdf,HCI,4,QP
manual\Physics\2024\HCI 2024 H2 Physics Paper 4 Solutions.pdf,HCI,4,A
manual\Physics\2024\JPJC 2024 JC2 H2 Prelim P4.pdf,JPJC,4,QP
manual\Physics\2024\JPJC 2024 JC2 H2 Prelim P4_Solution.pdf,JPJC,4,A
manual\Physics\2024\NJC_2024_H2_Physics_Prelim_P1_Ans.pdf,NJC,1,A
manual\Physics\2024\NJC_2024_H2_Physics_Prelim_P2_Ans.pdf,NJC,2,A
manual\Physics\2024\NJC_2024_H2_Physics_Prelim_P2_QP.pdf,NJC,2,QP
manual\Physics\2024\NJC_2024_H2_Physics_Prelim_P3_Ans.pdf,NJC,3,A
manual\Physics\2024\NJC_2024_H2_Physics_Prelim_P3_QP.pdf,NJC,3,QP
manual\Physics\2024\NJC_2024_H2_Physics_Prelim_P4_QP.pdf,NJC,4,QP
manual\Physics\2024\RI 2024 J2 H2 Physics Prelim P4 Answers.pdf,RI,4,A
manual\Physics\2024\RI 2024 J2 H2 Physics Prelim P4.pdf,RI,4,QP
manual\Physics\2024\RVHS 2024 J2 H2 Physics Prelim P4.pdf,RVHS,4,QP
manual\Physics\2024\RVHS_H2_Physics_P1_QP.pdf,RVHS,1,QP
manual\Physics\2024\RVHS_H2_Physics_P1_Soln.pdf,RVHS,1,A
manual\Physics\2024\RVHS_H2_Physics_P2_QP.pdf,RVHS,2,QP
manual\Physics\2024\RVHS_H2_Physics_P2_Soln.pdf,RVHS,2,A
manual\Physics\2024\RVHS_H2_Physics_P3_QP.pdf,RVHS,3,QP
manual\Physics\2024\RVHS_H2_Physics_P3_Soln.pdf,RVHS,3,A
manual\Physics\2024\TJC 2024 H2 Paper 4 Solutions.pdf,TJC,4,A
manual\Physics\2024\TJC 2024 H2 Paper 4.pdf,TJC,4,QP
manual\Physics\2024\TMJC Review_2024 J2 H2 Prelim P4.pdf,TMJC,4,A
manual\Physics\2024\TMJC_2024_H2 Physics P3_QP_MS.pdf,TMJC,3,B
manual\Physics\2024\YIJC 2024 JC2 PRELIM H2 Phy P1 QP.pdf,YIJC,1,QP
manual\Physics\2024\YIJC 2024 JC2 PRELIM H2 Phy P1 Soln.pdf,YIJC,1,A
manual\Physics\2024\YIJC 2024 JC2 PRELIM H2 Phy P2 QP.pdf,YIJC,2,QP
manual\Physics\2024\YIJC 2024 JC2 PRELIM H2 Phy P2 Soln.pdf,YIJC,2,A
manual\Physics\2024\YIJC 2024 JC2 PRELIM H2 Phy P3 QP.pdf,YIJC,3,QP
manual\Physics\2024\YIJC 2024 JC2 PRELIM H2 Phy P3 Soln.pdf,YIJC,3,A
manual\Physics\2024\YIJC 2024 JC2 PRELIM H2 Phy P4 QP.pdf,YIJC,4,QP
manual\Physics\2024\YIJC 2024 JC2 PRELIM H2 Phy P4 Soln.pdf,YIJC,4,A
manual\Physics\2025\2025 ASRJC Physics Prelim P3 MS and ans .pdf,ASRJC,3,A
manual\Physics\2025\2025 ASRJC Prelim H2 P2 MS.pdf,ASRJC,2,A
manual\Physics\2025\2025 DHS H2 Prelim P2 Ans_w MC.pdf,DHS,2,A
manual\Physics\2025\2025 DHS H2 Prelim P3 Ans_w MC.pdf,DHS,3,A
manual\Physics\2025\2025 EJC H2 Prelim P1 MS.pdf,EJC,1,A
manual\Physics\2025\2025 EJC H2 Prelim P2 MS.pdf,EJC,2,A
manual\Physics\2025\2025 EJC H2 Prelim P3 MS.pdf,EJC,3,A
manual\Physics\2025\2025 HCI C2 Prelim H2 Physics P1 QP.pdf,HCI,1,QP
manual\Physics\2025\2025 HCI C2 Prelim H2 Physics P2 Ans.pdf,HCI,2,A
manual\Physics\2025\2025 HCI C2 Prelim H2 Physics P2 QP.pdf,HCI,2,QP
manual\Physics\2025\2025 NYJC H2 Phy 9749 P1 Answers.pdf,NYJC,1,A
manual\Physics\2025\2025 NYJC H2 Phy 9749 P1.pdf,NYJC,1,QP
manual\Physics\2025\2025 NYJC H2 Phy 9749 P2 Answers.pdf,NYJC,4,A
manual\Physics\2025\2025 NYJC H2 Phy 9749 P2.pdf,NYJC,2,QP
manual\Physics\2025\2025 NYJC H2 Phy 9749 P3.pdf,NYJC,3,QP
manual\Physics\2025\2025 RI H2 Physics Prelims P1 Questions.pdf,RI,1,QP
manual\Physics\2025\2025 RI H2 Physics Prelims P2 Answers.pdf,RI,2,A
manual\Physics\2025\2025 RI H2 Physics Prelims P2 Questions.pdf,RI,2,QP
manual\Physics\2025\2025 RVHS H2 Physics P2 Soln Prelim.pdf,RVHS,2,A
manual\Physics\2025\2025 RVHS H2 Physics P3 Soln Prelim.pdf,RVHS,3,A
manual\Physics\2025\2025 TJC H2 Phy Prelim P1 Solution.pdf,TJC,1,A
manual\Physics\2025\2025 TJC H2 Phy Prelim P2 Solution.pdf,TJC,2,A
manual\Physics\2025\2025 TJC H2 Phy Prelim P3 Solution.pdf,TJC,3,A
manual\Physics\2025\2025 VJC H2 Phy Prelim P1 Solution.pdf,VJC,1,A
manual\Physics\2025\2025 VJC H2 Phy Prelim P2 Solution.pdf,VJC,2,A
manual\Physics\2025\2025 VJC H2 Phy Prelim P3 Solution.pdf,VJC,3,A
manual\Physics\2025\ACJC 2025 J2 H2 Physics Prelim P1 Guide.pdf,ACJC,1,A
manual\Physics\2025\ACJC 2025 J2 H2 Physics Prelim P1.pdf,ACJC,1,QP
manual\Physics\2025\ACJC 2025 J2 H2 Physics Prelim P2 Guide.pdf,ACJC,2,A
manual\Physics\2025\ACJC 2025 J2 H2 Physics Prelim P2.pdf,ACJC,2,QP
manual\Physics\2025\ACJC 2025 J2 H2 Physics Prelim P3.pdf,ACJC,3,QP
manual\Physics\2025\ASRJC 2025 H2 Physics Prelim P2.pdf,ASRJC,2,QP
manual\Physics\2025\ASRJC 2025 H2 Physics Prelim P3.pdf,ASRJC,3,QP
manual\Physics\2025\ASRJC 2025 Prelim H2 P1 MS and Answers.pdf,ASRJC,1,A
manual\Physics\2025\ASRJC 2025 Prelim H2P4 Physics MS.pdf,ASRJC,4,A
manual\Physics\2025\ASRJC 2025 Prelim P1 H2 Physics QN paper.pdf,ASRJC,1,QP
manual\Physics\2025\CJC.2025.H2.Phy.PRELIM.P1 Q paper.pdf,CJC,1,QP
manual\Physics\2025\CJC.2025.H2.Phy.PRELIM.P1.Ans.pdf,CJC,1,A
manual\Physics\2025\CJC.2025.H2.Phy.PRELIM.P2 Q paper.pdf,CJC,2,QP
manual\Physics\2025\CJC.2025.H2.Phy.PRELIM.P2.Ans.pdf,CJC,2,A
manual\Physics\2025\CJC.2025.H2.Phy.PRELIM.P3 Q paper.pdf,CJC,3,QP
manual\Physics\2025\DHS 2025 H2 Prelim P1.pdf,DHS,1,QP
manual\Physics\2025\DHS 2025 H2 Prelim P2.pdf,DHS,2,QP
manual\Physics\2025\DHS 2025 H2 Prelim P3.pdf,DHS,3,QP
manual\Physics\2025\EJC 2025 J2 H2 PRELIM P1.pdf,EJC,1,QP
manual\Physics\2025\EJC 2025 J2 H2 PRELIM P2.pdf,EJC,2,QP
manual\Physics\2025\EJC 2025 J2 H2 PRELIM P3.pdf,EJC,3,QP
manual\Physics\2025\NJC_2025_H2_Physics_Prelim_P1_Ans.pdf,NJC,1,A
manual\Physics\2025\NJC_2025_H2_Physics_Prelim_P1_QP.pdf,NJC,1,QP
manual\Physics\2025\NJC_2025_H2_Physics_Prelim_P2_QP.pdf,NJC,2,QP
manual\Physics\2025\NJC_2025_H2_Physics_Prelim_P3_Ans.pdf,NJC,3,A
manual\Physics\2025\RVHS H2 Physics P1 QP.pdf,RVHS,1,QP
manual\Physics\2025\RVHS H2 Physics P2 QP.pdf,RVHS,2,QP
manual\Physics\2025\RVHS H2 Physics P3 QP.pdf,RVHS,3,QP
manual\Physics\2025\SAJC Prelim H2 P1 2025_Qn and Ans.pdf,SAJC,1,B
manual\Physics\2025\SAJC Prelim H2 P2 2025_Qn and Ans.pdf,SAJC,2,B
manual\Physics\2025\SAJC Prelim H2 P3 2025_Qn and Ans.pdf,SAJC,3,B
manual\Physics\2025\TJC 2025 H2 Prelim Paper 1.pdf,TJC,1,QP
manual\Physics\2025\TJC 2025 H2 Prelim Paper 2.pdf,TJC,2,QP
manual\Physics\2025\TJC 2025 H2 Prelim Paper 3.pdf,TJC,3,QP
manual\Physics\2025\TMJC_2025_H2 Physics_P1_QP.pdf,TMJC,1,QP
manual\Physics\2025\TMJC_2025_H2 Physics_P1_Soln.pdf,TMJC,1,A
manual\Physics\2025\TMJC_2025_H2 Physics_P2_QP.pdf,TMJC,2,QP
manual\Physics\2025\TMJC_2025_H2 Physics_P3_QP.pdf,TMJC,3,QP
manual\Physics\2025\TMJC_2025_H2 Physics_P3_Soln.pdf,TMJC,3,A
manual\Physics\2025\VJC 2025 J2 H2 Phy Prelim Paper 1.pdf,VJC,1,QP
manual\Physics\2025\VJC 2025 J2 H2 Phy Prelim Paper 2.pdf,VJC,2,QP
manual\Physics\2025\VJC 2025 J2 H2 Phy Prelim Paper 3.pdf,VJC,3,QP
