manual\2ma\2020\2020 HCI H2 Prelim P1 Qn.pdf,HCI,2020,1,QP
manual\2ma\2020\2020 HCI H2 Prelim P1 Soln_edited.pdf,HCI,2020,1,A
manual\2ma\2020\2020 HCI H2 Prelim P2 Qn.pdf,HCI,2020,2,QP
manual\2ma\2020\2020 HCI H2 Prelim P2 Solution.pdf,HCI,2020,2,A
manual\2ma\2020\2020 J2 VJC H2 Math prelim answers (Numerical answer only).pdf,VJC,2020,,NumA
manual\2ma\2020\2020 J2 VJC H2 Math prelims (Paper 1).pdf,VJC,2020,1,QP
manual\2ma\2020\2020 J2 VJC H2 Math prelims (Paper 2).pdf,VJC,2020,2,QP
manual\2ma\2020\2020 J2 YIJC H2 Math Prelim P1 Answers.pdf,YIJC,2020,1,A
manual\2ma\2020\2020 J2 YIJC H2 Math Prelim P2 Answers.pdf,YIJC,2020,2,A
manual\2ma\2020\2020 J2 YIJC H2 Math Prelims P1.pdf,YIJC,2020,1,QP
manual\2ma\2020\2020 J2 YIJC H2 Math Prelims P2.pdf,YIJC,2020,2,QP
manual\2ma\2020\2020_H2_Prelim_P1_Marker_s_Report.pdf,ACJC,2020,1,A
manual\2ma\2020\2020_H2_Prelim_P2.pdf,ACJC,2020,2,QP
manual\2ma\2020\2020_H2_Prelim_P2_Marker_s_Report.pdf,ACJC,2020,2,A
manual\2ma\2020\2020_RI_H2_Math_Prelims_P1_Solutions.pdf,RI,2020,1,A
manual\2ma\2020\2020_RI_H2_Math_Prelims_P2_Solutions.pdf,RI,2020,2,A
manual\2ma\2020\ACJC 2020_H2_Prelim_P1.pdf,ACJC,2020,1,QP
manual\2ma\2020\CJC 2020 Prelims P1 Ans.pdf,CJC,2020,1,A
manual\2ma\2021\2021 H2 Math RI Prelim Paper 1 Solns.pdf,RI,2021,1,QP_A
manual\2ma\2021\2021 H2 Math RI Prelim Paper 2 Solns.pdf,RI,2021,2,QP_A
manual\2ma\2021\EJC_H2_2021_Prelim_P1.pdf,EJC,2021,1,QP
manual\2ma\2021\EJC_H2_2021_Prelim_P2.pdf,EJC,2021,2,QP
manual\2ma\2022\2022 H2 Math RI Prelim Paper 1 Solns.pdf,RI,2022,1,QP_A
manual\2ma\2022\2022 H2 Math RI Prelim Paper 2 Solns.pdf,RI,2022,2,QP_A
manual\2ma\2023\2023 NJC P1 Question.pdf,NJC,2023,1,QP
manual\2ma\2023\2023 NJC P1 Solution.pdf,NJC,2023,1,A
manual\2ma\2023\2023 NJC P2 Question.pdf,NJC,2023,2,QP
manual\2ma\2023\2023 Prelim - TMJC P1.pdf,TMJC,2023,1,QP
manual\2ma\2023\2023 Prelim - TMJC P2.pdf,TMJC,2023,2,QP
manual\2ma\2023\ACJC 9758 2023 Prelim P1 Solution.pdf,ACJC,2023,1,A
manual\2ma\2023\ACJC 9758 2023 Prelim P1.pdf,ACJC,2023,1,QP
manual\2ma\2023\ACJC 9758 2023 Prelim P2 Solution.pdf,ACJC,2023,2,A
manual\2ma\2023\ACJC 9758 2023 Prelim P2.pdf,ACJC,2023,2,QP
manual\2ma\2023\ASRJC 9758 2023 Prelim P1 Solution.pdf,ASRJC,2023,1,A
manual\2ma\2023\ASRJC 9758 2023 Prelim P1.pdf,ASRJC,2023,1,QP
manual\2ma\2023\ASRJC 9758 2023 Prelim P2 Solution.pdf,ASRJC,2023,2,A
manual\2ma\2023\ASRJC 9758 2023 Prelim P2.pdf,ASRJC,2023,2,QP
manual\2ma\2023\CJC_9758_2023_Prelim_P1.pdf,CJC,2023,1,QP
manual\2ma\2023\CJC_9758_2023_Prelim_P1_Solutions.pdf,CJC,2023,1,A
manual\2ma\2023\CJC_9758_2023_Prelim_P2.pdf,CJC,2023,2,QP
manual\2ma\2023\CJC_9758_2023_Prelim_P2_Solutions_2.pdf,CJC,2023,2,A
manual\2ma\2023\DHS 9758 2023 Prelim P1 Solution.pdf,DHS,2023,1,A
manual\2ma\2023\DHS 9758 2023 Prelim P1.pdf,DHS,2023,1,QP
manual\2ma\2023\DHS 9758 2023 Prelim P2 Solution.pdf,DHS,2023,2,A
manual\2ma\2023\DHS 9758 2023 Prelim P2.pdf,DHS,2023,2,QP
manual\2ma\2023\EJC 9758 2023 Prelim P1 Solution.pdf,EJC,2023,1,A
manual\2ma\2023\EJC 9758 2023 Prelim P1.pdf,EJC,2023,1,QP
manual\2ma\2023\EJC 9758 2023 Prelim P2 Solution.pdf,EJC,2023,2,A
manual\2ma\2023\EJC 9758 2023 Prelim P2.pdf,EJC,2023,2,QP
manual\2ma\2023\EJC_9758_2023_Prelim_P1.pdf,EJC,2023,1,QP
manual\2ma\2023\EJC_9758_2023_Prelim_P2.pdf,EJC,2023,2,QP
manual\2ma\2023\HCI 9758 2023 Prelim P1 Solution.pdf,HCI,2023,1,A
manual\2ma\2023\HCI 9758 2023 Prelim P1.pdf,HCI,2023,1,QP
manual\2ma\2023\HCI 9758 2023 Prelim P2 Solution.pdf,HCI,2023,2,A
manual\2ma\2023\HCI 9758 2023 Prelim P2.pdf,HCI,2023,2,QP
manual\2ma\2023\JPJC 9758 2023 Prelim P1 Solution.pdf,JPJC,2023,1,A
manual\2ma\2023\JPJC 9758 2023 Prelim P1.pdf,JPJC,2023,1,QP
manual\2ma\2023\JPJC 9758 2023 Prelim P2 Solution.pdf,JPJC,2023,2,A
manual\2ma\2023\JPJC 9758 2023 Prelim P2.pdf,JPJC,2023,2,QP
manual\2ma\2023\MI 9758 2023 Prelim P1 Solutions.pdf,MI,2023,1,A
manual\2ma\2023\MI 9758 2023 Prelim P1.pdf,MI,2023,1,QP
manual\2ma\2023\MI 9758 2023 Prelim P2 Solution.pdf,MI,2023,2,A
manual\2ma\2023\MI 9758 2023 Prelim P2.pdf,MI,2023,2,QP
manual\2ma\2023\RI 9758 2023 Prelim P1 Solution.pdf,RI,2023,1,A
manual\2ma\2023\RI 9758 2023 Prelim P2 Solution.pdf,RI,2023,2,A
manual\2ma\2023\RI 9758_01 Prelim 2023.pdf,RI,2023,1,QP
manual\2ma\2023\RI 9758_02 Prelim 2023.pdf,RI,2023,2,QP
manual\2ma\2023\RVHS 9758 2023 Prelim P1 Solution.pdf,RVHS,2023,1,A
manual\2ma\2023\RVHS 9758 2023 Prelim P1.pdf,RVHS,2023,1,QP
manual\2ma\2023\RVHS 9758 2023 Prelim P2 Solution.pdf,RVHS,2023,2,A
manual\2ma\2023\RVHS 9758 2023 Prelim P2.pdf,RVHS,2023,2,QP
manual\2ma\2023\SAJC 9758 2023 Prelim P1 Solution.pdf,SAJC,2023,1,A
manual\2ma\2023\SAJC 9758 2023 Prelim P1.pdf,SAJC,2023,1,QP
manual\2ma\2023\SAJC 9758 2023 Prelim P2 Solution.pdf,SAJC,2023,2,A
manual\2ma\2023\SAJC 9758 2023 Prelim P2.pdf,SAJC,2023,2,QP
manual\2ma\2023\TJC 9758 2023 Prelim P1 Solution.pdf,TJC,2023,1,A
manual\2ma\2023\TJC 9758 2023 Prelim P1.pdf,TJC,2023,1,QP
manual\2ma\2023\TJC 9758 2023 Prelim P2 Solution.pdf,TJC,2023,2,A
manual\2ma\2023\TJC 9758 2023 Prelim P2.pdf,TJC,2023,2,QP
manual\2ma\2023\TMJC 9758 2023 Prelim P1 Solution.pdf,TMJC,2023,1,A
manual\2ma\2023\TMJC 9758 2023 Prelim P1.pdf,TMJC,2023,1,QP
manual\2ma\2023\TMJC 9758 2023 Prelim P2 Solution.pdf,TMJC,2023,2,A
manual\2ma\2023\TMJC 9758 2023 Prelim P2.pdf,TMJC,2023,2,QP
manual\2ma\2023\YIJC 9758 2023 Prelim P1 Solution.pdf,YIJC,2023,1,A
manual\2ma\2023\YIJC 9758 2023 Prelim P1.pdf,YIJC,2023,1,QP
manual\2ma\2023\YIJC 9758 2023 Prelim P2 Solution.pdf,YIJC,2023,2,A
manual\2ma\2023\YIJC 9758 2023 Prelim P2.pdf,YIJC,2023,2,QP
manual\2ma\2024\2024 asr prelim paper 2.pdf,YIJC,2024,2,QP
manual\2ma\2024\2024 JC2 H2 Math prelim - ACJC.pdf,ACJC,2024,1,QP_A
manual\2ma\2024\2024 JC2 H2 Math prelim - ASRJC.pdf,ASRJC,2024,,QP_A
manual\2ma\2024\2024 JC2 H2 Math prelim - CJC.pdf,CJC,2024,,QP_A
manual\2ma\2024\2024 JC2 H2 Math prelim - DHS.pdf,DHS,2024,,QP_A
manual\2ma\2024\2024 JC2 H2 Math prelim - EJC.pdf,EJC,2024,,QP_A
manual\2ma\2024\2024 JC2 H2 Math prelim - MI.pdf,MI,2024,,QP_A
manual\2ma\2024\2024 JC2 H2 Math prelim - RVHS.pdf,RVHS,2024,,QP_A
manual\2ma\2024\2024 JC2 H2 Math prelim - SAJC.pdf,SAJC,2024,,QP_A
manual\2ma\2024\2024 NJC Paper 1 H2 Math Prelim (ANS).pdf,NJC,2024,1,A
manual\2ma\2024\2024 NJC Paper 1 H2 Math Prelim (Qn Paper).pdf,NJC,2024,1,QP
manual\2ma\2024\2024 NYJC Prelim Exam H2MATH Paper 1 (Solutions).pdf,NYJC,2024,1,A
manual\2ma\2024\2024 NYJC Prelim Exam H2MATH Paper 1.pdf,NYJC,2024,1,QP
manual\2ma\2024\2024 NYJC Prelim Exam H2MATH Paper 2 (Solutions).pdf,NYJC,2024,2,A
manual\2ma\2024\2024 NYJC Prelim Exam H2MATH Paper 2.pdf,NYJC,2024,2,QP
manual\2ma\2024\2024 RI H2 Math Prelim P1 (Qn).pdf,RI,2024,1,QP
manual\2ma\2024\2024 RI H2 Math Prelim P1 (Soln) - new.pdf,RI,2024,1,A
manual\2ma\2024\2024 RI H2 Math Prelim P2 (Qn).pdf,RI,2024,2,QP
manual\2ma\2024\2024 RI H2 Math Prelim P2 (Soln) - new.pdf,RI,2024,2,A
manual\2ma\2024\2024 TJC JC2 Prelim Exam H2 Maths Paper 1 (Questions).pdf,TJC,2024,1,QP
manual\2ma\2024\2024 TJC JC2 Prelim Exam H2 Maths Paper 1 (Solutions).pdf,TJC,2024,1,A
manual\2ma\2024\2024 TJC JC2 Prelim Exam H2 Maths Paper 2 (Solutions) For Studens (1).pdf,TJC,2024,2,A
manual\2ma\2024\2024 VJC H2 JC2 Math Prelim P1 Qn (updated).pdf,VJC,2024,1,QP
manual\2ma\2024\2024 VJC H2 JC2 Math Prelim P2 Qn (modified).pdf,VJC,2024,2,QP
manual\2ma\2024\ASRJC_9758_2024_Prelim P1 Solutions.pdf,ASRJC,2024,1,A
manual\2ma\2024\ASRJC_9758_2024_Prelim P1.pdf,ASRJC,2024,1,QP
manual\2ma\2024\ASRJC_9758_2024_Prelim P2 Solutions.pdf,ASRJC,2024,2,A
manual\2ma\2024\ASRJC_9758_2024_Prelim P2.pdf,ASRJC,2024,2,QP
manual\2ma\2024\HCI 2024 H2 Math Prelims Paper 1 Solutions.pdf,HCI,2024,1,A
manual\2ma\2024\HCI 2024 H2 Math Prelims Paper 1.pdf,HCI,2024,1,QP
manual\2ma\2024\HCI 2024 H2 Math Prelims Paper 2 Solutions.pdf,HCI,2024,2,A
manual\2ma\2024\HCI 2024 H2 Math Prelims Paper 2.pdf,HCI,2024,2,QP
manual\2ma\2024\JPJC 2024 J2 Math Prelim P1 Solutions for students.pdf,JPJC,2024,1,A
manual\2ma\2024\JPJC 2024 J2 Math Prelim P2 Solutions for students.pdf,JPJC,2024,2,A
manual\2ma\2024\JPJC 2024 J2 Prelim Math P1 Qn paper.pdf,JPJC,2024,1,QP
manual\2ma\2024\JPJC 2024 J2 Prelim Math P2 Qn paper.pdf,JPJC,2024,2,QP
manual\2ma\2024\TMJC H2 Mathematics Prelims Paper 1 (A).pdf,TMJC,2024,1,A
manual\2ma\2024\TMJC H2 Mathematics Prelims Paper 2 (A).pdf,TMJC,2024,2,A
manual\2ma\2024\TMJC H2 Mathematics Prelims Paper 2 (Q).pdf,TMJC,2024,2,QP
manual\2ma\2024\VJC 2024 H2 JC2 Math Prelim P1 Questions_Student.pdf,VJC,2024,1,QP
manual\2ma\2024\VJC 2024 H2 JC2 Math Prelim P1 Solutions.pdf,VJC,2024,1,A
manual\2ma\2024\VJC 2024 H2 JC2 Math Prelim P2 Questions_Student.pdf,VJC,2024,2,QP
manual\2ma\2024\VJC 2024 H2 JC2 Math Prelim P2 Solutions.pdf,VJC,2024,2,A
manual\2ma\2025\2025 CJC JC2 H2 Math Prelim Paper 2 answer key.pdf,CJC,2025,2,A
manual\2ma\2025\2025 DHS H2 Math Prelim P1 Soln.pdf,DHS,2025,1,A
manual\2ma\2025\2025 DHS H2 Math Prelim P2 Soln.pdf,DHS,2025,2,A
manual\2ma\2025\2025 JPJC H2 Math Prelim P1 QP.pdf,JPJC,2025,1,QP
manual\2ma\2025\2025 JPJC H2 Math Prelim P1 Solution.pdf,JPJC,2025,1,A
manual\2ma\2025\2025 JPJC H2 Math Prelim P2 QP.pdf,JPJC,2025,2,QP
manual\2ma\2025\2025 JPJC Prelims Math Paper 2 Solutions.pdf,JPJC,2025,2,A
manual\2ma\2025\2025 RI Math Prelim P1_solutions with comments.pdf,RI,2025,1,A
manual\2ma\2025\2025 RI Math Prelim P2_solutions with comments.pdf,RI,2025,2,A
manual\2ma\2025\2025 RI Prelim+P1+Qns.pdf,RI,2025,1,QP
manual\2ma\2025\2025 RI Prelim+P2+Qns.pdf,RI,2025,2,QP
manual\2ma\2025\2025 YIJC Prelim H2 Maths Papers 1&2 (QP & Soln).pdf,YIJC,2025,1,QP_A
manual\2ma\2025\ACJC 2025 H2 Prelims Paper 1 Solutions and Markers' Report.pdf,ACJC,2025,1,A
manual\2ma\2025\ACJC 2025 JC2 H2 Prelim Paper 1 QP.pdf,ACJC,2025,1,QP
manual\2ma\2025\ACJC 2025 JC2 H2 Prelim Paper 2 QP.pdf,ACJC,2025,2,QP
manual\2ma\2025\ACJC 2025 JC2 H2 Prelim Paper 2 Solutions and Markers' Report.pdf,ACJC,2025,2,A
manual\2ma\2025\ASRJC Prelims 2025 H2 Math P1 Questions.pdf,ASRJC,2025,1,QP
manual\2ma\2025\ASRJC Prelims 2025 H2 Math P1 Solutions.pdf,ASRJC,2025,1,A
manual\2ma\2025\ASRJC Prelims 2025 H2 Math P2 Questions.pdf,ASRJC,2025,2,QP
manual\2ma\2025\ASRJC Prelims 2025 H2 Math P2 Solutions.pdf,ASRJC,2025,2,A
manual\2ma\2025\CJC Prelims 2025 H2 Math P2 Questions.pdf,CJC,2025,2,QP
manual\2ma\2025\DHS Prelims 2025 H2 Math P1 Questions.pdf,DHS,2025,1,QP
manual\2ma\2025\EJC_9758_2025_Prelim_P1.pdf,EJC,2025,1,QP
manual\2ma\2025\EJC_9758_2025_Prelim_P2.pdf,EJC,2025,2,QP
manual\2ma\2025\EJC_9758_2025_Prelim_P2_Solutions.pdf,EJC,2025,2,A
manual\2ma\2025\HCI_9758_2025_Prelim Paper 1.pdf,HCI,2025,1,QP
manual\2ma\2025\HCI_9758_2025_Prelim Paper 1_Solutions.pdf,HCI,2025,1,A
manual\2ma\2025\HCI_9758_2025_Prelim Paper 2.pdf,HCI,2025,2,QP
manual\2ma\2025\HCI_9758_2025_Prelim Paper 2_Solutions.pdf,HCI,2025,2,A
manual\2ma\2025\MI 9758 2025 Prelim P1 Solutions.pdf,MI,2025,1,A
manual\2ma\2025\MI 9758 2025 Prelim P1.pdf,MI,2025,1,QP
manual\2ma\2025\MI 9758 2025 Prelim P2.pdf,MI,2025,2,QP
manual\2ma\2025\MI Prelims 2025 H2 Math Paper 2 Solutions.pdf,MI,2025,2,A
manual\2ma\2025\NJC_9758_2025_Prelim_P2.pdf,NJC,2025,2,QP
manual\2ma\2025\NJC_9758_2025_Prelim_P2_Solutions.pdf,NJC,2025,2,A
manual\2ma\2025\NYJC_9758_2025_prelim_P1.pdf,NYJC,2025,1,QP
manual\2ma\2025\NYJC_9758_2025_prelim_P1_Solution.pdf,NYJC,2025,1,A
manual\2ma\2025\NYJC_9758_2025_prelim_P2.pdf,NYJC,2025,2,QP
manual\2ma\2025\NYJC_9758_2025_prelim_P2_Solution.pdf,NYJC,2025,2,A
manual\2ma\2025\RVHS_9758_2025_Prelim_P1.pdf,RVHS,2025,1,QP
manual\2ma\2025\RVHS_9758_2025_Prelim_P1_Solutions.pdf,RVHS,2025,1,A
manual\2ma\2025\RVHS_9758_2025_Prelim_P2.pdf,RVHS,2025,2,QP
manual\2ma\2025\RVHS_9758_2025_Prelim_P2_Solutions.pdf,RVHS,2025,2,A
manual\2ma\2025\SAJC 9758 2025 Prelim P1 Solutions.pdf,SAJC,2025,1,A
manual\2ma\2025\SAJC 9758 2025 Prelim P1.pdf,SAJC,2025,1,QP
manual\2ma\2025\SAJC 9758 2025 Prelim P2 Solutions.pdf,SAJC,2025,2,A
manual\2ma\2025\SAJC 9758 2025 Prelim P2.pdf,SAJC,2025,2,QP
manual\2ma\2025\TJC_9758_2025_Prelim_P1.pdf,TJC,2025,1,QP
manual\2ma\2025\TJC_9758_2025_Prelim_P1_Solutions.pdf,TJC,2025,1,A
manual\2ma\2025\TJC_9758_2025_Prelim_P2.pdf,TJC,2025,2,QP
manual\2ma\2025\TJC_9758_2025_Prelim_P2_Solutions.pdf,TJC,2025,2,A
manual\2ma\2025\TMJC 9758 2025 Prelim P1 Solutions.pdf,TMJC,2025,1,A
manual\2ma\2025\TMJC 9758 2025 Prelim P1.pdf,TMJC,2025,1,QP
manual\2ma\2025\TMJC 9758 2025 Prelim P2 Solutions.pdf,TMJC,2025,2,A
manual\2ma\2025\TMJC 9758 2025 Prelim P2.pdf,TMJC,2025,2,QP
manual\2ma\2025\VJC_9758_2025_Prelim_P1.pdf,VJC,2025,1,QP
manual\2ma\2025\VJC_9758_2025_Prelim_P1_Solutions.pdf,VJC,2025,1,A
manual\2ma\2025\VJC_9758_2025_Prelim_P2.pdf,VJC,2025,2,QP
manual\2ma\2025\VJC_9758_2025_Prelim_P2_Solutions.pdf,VJC,2025,2,A
