manual\gp\2023\2023 DHS GP Prelim P1.pdf,DHS,2023,1,QP
manual\gp\2023\2023 DHS GP Prelim P2 - Answer Booklet.pdf,DHS,2023,2,QP
manual\gp\2023\2023 DHS GP Prelim P2 - Answer Scheme.pdf,DHS,2023,2,A
manual\gp\2023\2023 DHS GP Prelim P2 - Insert.pdf,DHS,2023,2,I
manual\gp\2023\2023 NJC H1 General Paper Prelim P1.pdf,NJC,2023,1,QP
manual\gp\2023\2023 NJC H1 General Paper Prelim P2 Answer Booklet.pdf,NJC,2023,2,QP
manual\gp\2023\2023 NJC H1 General Paper Prelim P2 Insert.pdf,NJC,2023,2,I
manual\gp\2023\2023 NJC H1 General Paper Prelim P2 Suggested Answer Scheme.pdf,NJC,2023,2,A
manual\gp\2023\2023 RI H1 GP Prelim P1.pdf,RI,2023,1,QP
manual\gp\2023\2023 RI H1 GP Prelim P2 Answer Booklet.pdf,RI,2023,2,QP
manual\gp\2023\2023 RI H1 GP Prelim P2 Answer Scheme.pdf,RI,2023,2,A
manual\gp\2023\2023 RI H1 GP Prelim P2 Insert.pdf,RI,2023,2,I
manual\gp\2023\2023 VJC GP Prelim P1.pdf,VJC,2023,1,QP
manual\gp\2023\2023 VJC GP Prelim P2 Answer Scheme.pdf,VJC,2023,2,A
manual\gp\2023\2023 VJC GP Prelim P2 Insert and Question Paper.pdf,VJC,2023,2,QP_I
manual\gp\2023\2023MIPrelimAS (H1 General Paper 8807_02).pdf,MI,2023,2,A
manual\gp\2023\2023MIPrelimQP (H1 General Paper 8807_01).pdf,MI,2023,1,QP
manual\gp\2023\2023MIPrelimQP (H1 General Paper 8807_02_ANSWER BOOKLET).pdf,MI,2023,2,QP
manual\gp\2023\2023MIPrelimQP (H1 General Paper 8807_02_INSERT).pdf,MI,2023,2,I
manual\gp\2023\2023_TJC_H1General Paper_P1.pdf,TJC,2023,1,QP
manual\gp\2023\2023_TJC_H1General Paper_P2.pdf,TJC,2023,2,QP
manual\gp\2023\2023_TJC_H1General Paper_P2_Ans.pdf,TJC,2023,2,A
manual\gp\2023\2023_TJC_H1General Paper_P2_Insert.pdf,TJC,2023,2,I
manual\gp\2023\2023_YIJC Prelims_H1GP_8807_01.pdf,YIJC,2023,1,QP
manual\gp\2023\ACJC 2023 P1 Prelim.pdf,ACJC,2023,1,QP
manual\gp\2023\ACJC 2023 P2 Prelim Ans.pdf,ACJC,2023,2,A
manual\gp\2023\ACJC 2023 P2 Prelim Insert.pdf,ACJC,2023,2,I
manual\gp\2023\ACJC 2023 P2 Prelim.pdf,ACJC,2023,2,QP
manual\gp\2023\ASRJC 2023 JC2 GP Prelim Paper 1.pdf,ASRJC,2023,1,QP
manual\gp\2023\ASRJC 2023 JC2 GP Prelim Paper 2 Insert New.pdf,ASRJC,2023,2,I
manual\gp\2023\ASRJC 2023 JC2 GP Prelim Paper 2 Question booklet.pdf,ASRJC,2023,2,QP
manual\gp\2023\ASRJC 2023 JC2 GP Prelim Paper 2 Suggested Answers.pdf,ASRJC,2023,2,A
manual\gp\2023\CJC 2023 GP Prelim Paper 2 Answer Scheme.pdf,CJC,2023,2,A
manual\gp\2023\CJC 2023 JC2 GP Prelim P2  Insert.pdf,CJC,2023,2,I
manual\gp\2023\CJC 2023 JC2 GP Prelim P2 QP.pdf,CJC,2023,2,QP
manual\gp\2023\CJC 2023 JC2 H1 GP Prelim P1 QP.pdf,CJC,2023,1,QP
manual\gp\2023\EJC 2023 JC2 Prelim H1 GP Paper 1.pdf,EJC,2023,1,QP
manual\gp\2023\EJC 2023 JC2 Prelim H1 GP Paper 2 Answer Booklet.pdf,EJC,2023,2,QP
manual\gp\2023\EJC 2023 JC2 Prelim H1 GP Paper 2 Answer Scheme.pdf,EJC,2023,2,A
manual\gp\2023\EJC 2023 JC2 Prelim H1 GP Paper 2 Insert.pdf,EJC,2023,2,I
manual\gp\2023\HCI 2023 Prelim P1.pdf,HCI,2023,1,QP
manual\gp\2023\HCI 2023 Prelim P2 Answer Key.pdf,HCI,2023,2,A
manual\gp\2023\HCI 2023 Prelim P2 Insert.pdf,HCI,2023,2,I
manual\gp\2023\HCI 2023 Prelim P2 Question Paper.pdf,HCI,2023,2,QP
manual\gp\2023\JPJC 2023 JC2 GP Prelim 2023 P1.pdf,JPJC,2023,1,QP
manual\gp\2023\JPJC 2023 JC2 GP Prelim_P2_Ans Scheme.pdf,JPJC,2023,2,A
manual\gp\2023\JPJC 2023 JC2 GP Prelim_P2_Answer Booklet.pdf,JPJC,2023,2,QP
manual\gp\2023\NYJC 2023 H1 General Paper 8807 P2 Ans Booklet.pdf,NYJC,2023,2,QP
manual\gp\2023\NYJC 2023 H1 General Paper 8807 P2 Insert.pdf,NYJC,2023,2,I
manual\gp\2023\RI 2023 Y6 GP Prelims P1.pdf,RI,2023,1,QP
manual\gp\2023\RI 2023 Y6 GP Prelims P2.pdf,RI,2023,2,QP_I
manual\gp\2023\RVHS_H1_General Paper_P1_QP.pdf,RVHS,2023,1,QP
manual\gp\2023\RVHS_H1_General Paper_P2_QP.pdf,RVHS,2023,2,QP
manual\gp\2023\RVHS_H1_General Paper_P2_Soln.pdf,RVHS,2023,2,A
manual\gp\2023\SAJC 2023 Prelim P1 QP.pdf,SAJC,2023,1,QP
manual\gp\2023\SAJC 2023 Prelims P2 Answer Scheme.pdf,SAJC,2023,2,A
manual\gp\2023\TMJC_2023_H1 GP_P1_QP.pdf,TMJC,2023,1,QP
manual\gp\2023\TMJC_2023_H1 GP_P2_Answer Booklet.pdf,TMJC,2023,2,QP
manual\gp\2023\TMJC_2023_H1 GP_P2_Insert.pdf,TMJC,2023,2,I
manual\gp\2023\TMJC_2023_H1 GP_P2_Suggested Answers.pdf,TMJC,2023,2,A
manual\gp\2023\YIJC JC2_GP PE Answer Booklet_P2_v3_FINAL.pdf,YIJC,2023,2,QP
manual\gp\2023\YIJC JC2_GP_PE Answer Scheme.pdf,YIJC,2023,2,A
manual\gp\2023\YIJC JC2_GP_PE Insert_FINAL.pdf,YIJC,2023,2,I
manual\gp\2024\2024 DHS Y6 GP Prelim P1 QP.pdf,DHS,2024,1,QP
manual\gp\2024\2024 DHS Y6 GP Prelim P2 Ans.pdf,DHS,2024,2,A
manual\gp\2024\2024 DHS Y6 GP Prelim P2 Insert.pdf,DHS,2024,2,I
manual\gp\2024\2024 DHS Y6 GP Prelim P2 QA Booklet.pdf,DHS,2024,2,QP
manual\gp\2024\2024 EJC JC2 GP Prelim P2 Answer Booklet_FINAL14082024.pdf,EJC,2024,2,QP
manual\gp\2024\2024 EJC JC2 GP Prelim P2 SAS for sharing.pdf,EJC,2024,2,A
manual\gp\2024\2024 HCI Prelim P1.pdf,HCI,2024,1,QP
manual\gp\2024\2024 HCI Prelim P2 Answers.pdf,HCI,2024,2,A
manual\gp\2024\2024 HCI Prelim P2 Insert.pdf,HCI,2024,2,I
manual\gp\2024\2024 HCI Prelim P2 QP.pdf,HCI,2024,2,QP
manual\gp\2024\2024 JPJC JC2 GP Prelim P1.pdf,JPJC,2024,1,QP
manual\gp\2024\2024 JPJC JC2 GP Prelim P2 Ans Scheme w SQ ans.pdf,JPJC,2024,2,A
manual\gp\2024\2024 JPJC JC2 GP Prelim P2 Answer Booklet.pdf,JPJC,2024,2,QP
manual\gp\2024\2024 JPJC JC2 GP Prelim P2 Insert.pdf,JPJC,2024,2,I
manual\gp\2024\2024 NJC SH2 GP Prelims P1.pdf,NJC,2024,1,QP
manual\gp\2024\2024 NJC SH2 GP Prelims P2 Insert.pdf,NJC,2024,2,I
manual\gp\2024\2024 NJC SH2 GP Prelims Paper 2 Ans Booklet.pdf,NJC,2024,2,QP
manual\gp\2024\2024 NJC SH2 GP Prelims Paper 2 Answer Key.pdf,NJC,2024,2,A
manual\gp\2024\2024 NYJC Prelim P1.pdf,NYJC,2024,1,QP
manual\gp\2024\2024 NYJC Prelim P2 Ans Scheme.pdf,NYJC,2024,2,A
manual\gp\2024\2024 NYJC Prelim P2 Answer Booklet.pdf,NYJC,2024,2,QP
manual\gp\2024\2024 NYJC Prelim P2 AQ Suggested Points.pdf,NYJC,2024,2,AQ_A
manual\gp\2024\2024 NYJC Prelim P2 Insert.pdf,NYJC,2024,2,I
manual\gp\2024\2024 RVHS JC2 Prelim P1.pdf,RVHS,2024,1,QP
manual\gp\2024\2024 RVHS JC2 Prelim P2 Insert.pdf,RVHS,2024,2,I
manual\gp\2024\2024 RVHS JC2 Prelims P2 Ans Booklet.pdf,RVHS,2024,2,QP
manual\gp\2024\2024 RVHS JC2 Prelims P2 Ans Scheme.pdf,RVHS,2024,2,A
manual\gp\2024\2024 VJC GP Prelim P1 QP.pdf,VJC,2024,1,QP
manual\gp\2024\2024 VJC GP Prelim P2 Answer Scheme.pdf,VJC,2024,2,A
manual\gp\2024\2024 VJC GP Prelim P2 Insert & QP.pdf,VJC,2024,2,QP_I
manual\gp\2024\2024 VJC GP Prelim Paper 1 Answer Scheme.pdf,VJC,2024,1,A
manual\gp\2024\2024 YIJC JC2 Prelim P1 Questions.pdf,YIJC,2024,1,QP
manual\gp\2024\2024 YIJC JC2 Prelim P2 Answer Guide.pdf,YIJC,2024,2,A
manual\gp\2024\2024 YIJC JC2 Prelim P2 Insert.pdf,YIJC,2024,2,I
manual\gp\2024\CJC 2024 GP Prelim Paper 1 - Question Paper.pdf,CJC,2024,1,QP
manual\gp\2024\CJC 2024 GP Prelim Paper 2 - Insert.pdf,CJC,2024,2,I
manual\gp\2024\CJC 2024 GP Prelim Paper 2 - Question Booklet.pdf,CJC,2024,2,QP
manual\gp\2024\CJC 2024 GP Prelim Paper 2 - Suggested Answer Scheme.pdf,CJC,2024,2,A
manual\gp\2024\EJC 2024 JC2 GP Prelim P1 QP.pdf,EJC,2024,1,QP
manual\gp\2024\RI 2024 Y6 GP Prelim P2_Suggested Ans Scheme (1).pdf,RI,2024,2,A
manual\gp\2024\RI 2024 Y6 Prelims P2 Answer Booklet (1).pdf,RI,2024,2,QP
manual\gp\2024\RI 2024 Y6 Prelims P2_Insert (1).pdf,RI,2024,2,I
manual\gp\2024\SAJC JC2 Prelim 2024 - P2 Answer Booklet.pdf,SAJC,2024,2,QP
manual\gp\2024\SAJC JC2 Prelim 2024 - P2 Answer Scheme.pdf,SAJC,2024,2,A
manual\gp\2024\TJC 2024 Prelim GP P2 ANS.pdf,TJC,2024,2,A
manual\gp\2024\TJC 2024 Prelim GP P2 QP.pdf,TJC,2024,2,QP
manual\gp\2024\TMJC 2024 J2 Prelim P2 Answer Booklet.pdf,TMJC,2024,2,QP
manual\gp\2024\TMJC 2024 J2 Prelim P2 Suggested Answers.pdf,TMJC,2024,2,A
manual\gp\2025\2025 ACJC JC2 Prelim Exam P2 Ans Scheme (vetted).pdf,ACJC,2025,2,A
manual\gp\2025\2025 ACJC JC2 Prelim Exam P2 Answer Booklet.pdf,ACJC,2025,2,QP
manual\gp\2025\2025 ACJC JC2 Prelim Exam P2 Insert.pdf,ACJC,2025,2,I
manual\gp\2025\2025 ACJC Prelim P1 Qn .pdf,ACJC,2025,1,QP
manual\gp\2025\2025 ASRJC GP Prelim P2 Answer Key (for sharing).pdf,ASRJC,2025,2,A
manual\gp\2025\2025 DHS GP P1 Prelims.pdf,DHS,2025,1,QP
manual\gp\2025\2025 DHS Y6 GP Prelim P2 Insert.pdf,DHS,2025,2,I
manual\gp\2025\2025 DHS Y6 GP Prelim P2 Question Booklet.pdf,DHS,2025,2,QP
manual\gp\2025\2025 EJC JC2 GP Prelim P1 QP.pdf,EJC,2025,1,QP
manual\gp\2025\2025 EJC JC2 GP Prelim P2 Insert.pdf,EJC,2025,2,I
manual\gp\2025\2025 EJC JC2 Prelim P2 Question Booklet.pdf,EJC,2025,2,QP
manual\gp\2025\2025 EJC JC2 Prelim P2 Suggested Answer Scheme.pdf,EJC,2025,2,A
manual\gp\2025\2025 EJC Prelim P1 QP.pdf,EJC,2025,1,QP
manual\gp\2025\2025 NJC SH2 GP Prelims 8881 P1.pdf,NJC,2025,1,QP
manual\gp\2025\2025 NJC SH2 GP Prelims 8881 P2 Ans Booklet.pdf,NJC,2025,1,QP
manual\gp\2025\2025 NJC SH2 GP Prelims 8881 P2 Insert.pdf,NJC,2025,1,I
manual\gp\2025\2025 NJC SH2 GP Prelims 8881 P2 Suggested Answers.pdf,NJC,2025,1,A
manual\gp\2025\2025 Prelims SAJC P2 Insert.pdf,SAJC,2025,2,I
manual\gp\2025\2025 Prelims SAJC P2 QP.pdf,SAJC,2025,2,QP
manual\gp\2025\2025 RI Y6 GP Prelim P2 INSERT.pdf,RI,2025,2,I
manual\gp\2025\2025 RI Y6 GP Prelims P1.pdf,RI,2025,1,QP
"manual\gp\2025\2025+RI+Y6+GP+Prelim+P2_INSERT, answer booklet and answers.pdf",RI,2025,2,QP_I_A
manual\gp\2025\2025+RI+Y6+GP+Prelims+P1-with suggested points.pdf,RI,2025,1,QP_A
manual\gp\2025\CJC 2025 JC2 GP PRELIM P1 - Question Paper.pdf,CJC,2025,1,QP
manual\gp\2025\CJC 2025 JC2 GP PRELIM P2 - Answer Booklet.pdf,CJC,2025,2,QP
manual\gp\2025\CJC 2025 JC2 GP PRELIM P2 - Insert (Passages).pdf,CJC,2025,2,I
manual\gp\2025\CJC 2025 JC2 GP PRELIM P2 - Suggested Answers.pdf,CJC,2025,2,A
manual\gp\2025\DHS Prelim 2025 Paper 2 Ans Scheme.pdf,DHS,2025,2,A
manual\gp\2025\H1 General Paper ASRJC Prelim 2025 P1.pdf,ASRJC,2025,1,QP
manual\gp\2025\HCI 2025 Prelim P1.pdf,HCI,2025,1,QP
manual\gp\2025\HCI 2025 Prelim P2 Ans.pdf,HCI,2025,2,A
manual\gp\2025\HCI 2025 Prelim P2 Insert.pdf,HCI,2025,2,I
manual\gp\2025\HCI 2025 Prelim P2 QP.pdf,HCI,2025,2,QP
manual\gp\2025\RI 2025 Y6 Prelims P2 Answering Booklet.pdf,RI,2025,2,QP
manual\gp\2025\TJC 2025 Prelim P2 ans.pdf,TJC,2025,2,A
manual\gp\2025\TJC 2025 Prelim P2_insert.pdf,TJC,2025,2,I
manual\gp\2025\TJC 2025 Prelim P2_QP.pdf,TJC,2025,2,QP
